--------------------------------------------------------
--  File created - Wednesday-April-19-2023   
--------------------------------------------------------
--------------------------------------------------------
--  DDL for Sequence SEQ_MEMBER_ID_10
--------------------------------------------------------

   CREATE SEQUENCE  "LMS"."SEQ_MEMBER_ID_10"  MINVALUE 1 MAXVALUE 9999999999 INCREMENT BY 1 START WITH 21 CACHE 20 NOORDER  NOCYCLE  NOKEEP  NOSCALE  GLOBAL ;
--------------------------------------------------------
--  DDL for Table FINE_PAYMENTS
--------------------------------------------------------

  CREATE TABLE "LMS"."FINE_PAYMENTS" 
   (	"PAYMENT_ID" NUMBER GENERATED BY DEFAULT AS IDENTITY MINVALUE 1 MAXVALUE 9999999999999999999999999999 INCREMENT BY 1 START WITH 1 CACHE 20 NOORDER  NOCYCLE  NOKEEP  NOSCALE , 
	"PAYMENT_TRACKING_NUM" VARCHAR2(10 BYTE), 
	"LOAN_TRACKING_NUM" VARCHAR2(10 BYTE), 
	"PAYMENT_DATE" DATE, 
	"PAYMENT_AMOUNT" NUMBER(10,2)
   ) SEGMENT CREATION DEFERRED 
  PCTFREE 10 PCTUSED 40 INITRANS 1 MAXTRANS 255 
 NOCOMPRESS LOGGING
  TABLESPACE "USERS" ;
--------------------------------------------------------
--  DDL for Table TBLBOOK
--------------------------------------------------------

  CREATE TABLE "LMS"."TBLBOOK" 
   (	"BOOK_ID" NUMBER(10,0) GENERATED ALWAYS AS IDENTITY MINVALUE 1 MAXVALUE 9999999999999999999999999999 INCREMENT BY 1 START WITH 1 CACHE 20 NOORDER  NOCYCLE  NOKEEP  NOSCALE , 
	"BOOK_TRACKING_NUMBER" VARCHAR2(10 BYTE), 
	"BOOK_TITLE" VARCHAR2(100 BYTE), 
	"BOOK_AUTHOR" VARCHAR2(100 BYTE), 
	"BOOK_PUBLISHER" VARCHAR2(100 BYTE), 
	"BOOK_ISBN" VARCHAR2(20 BYTE), 
	"CATEGORY_ID" NUMBER(10,0), 
	"CREATED_AT" DATE DEFAULT SYSDATE
   ) SEGMENT CREATION IMMEDIATE 
  PCTFREE 10 PCTUSED 40 INITRANS 1 MAXTRANS 255 
 NOCOMPRESS LOGGING
  STORAGE(INITIAL 65536 NEXT 1048576 MINEXTENTS 1 MAXEXTENTS 2147483645
  PCTINCREASE 0 FREELISTS 1 FREELIST GROUPS 1
  BUFFER_POOL DEFAULT FLASH_CACHE DEFAULT CELL_FLASH_CACHE DEFAULT)
  TABLESPACE "USERS" ;
--------------------------------------------------------
--  DDL for Table TBLBOOKCATEGORY
--------------------------------------------------------

  CREATE TABLE "LMS"."TBLBOOKCATEGORY" 
   (	"CATEGORY_ID" NUMBER GENERATED ALWAYS AS IDENTITY MINVALUE 1 MAXVALUE 9999999999999999999999999999 INCREMENT BY 1 START WITH 1 CACHE 20 NOORDER  NOCYCLE  NOKEEP  NOSCALE , 
	"CATEGORY_NAME" VARCHAR2(50 BYTE)
   ) SEGMENT CREATION IMMEDIATE 
  PCTFREE 10 PCTUSED 40 INITRANS 1 MAXTRANS 255 
 NOCOMPRESS LOGGING
  STORAGE(INITIAL 65536 NEXT 1048576 MINEXTENTS 1 MAXEXTENTS 2147483645
  PCTINCREASE 0 FREELISTS 1 FREELIST GROUPS 1
  BUFFER_POOL DEFAULT FLASH_CACHE DEFAULT CELL_FLASH_CACHE DEFAULT)
  TABLESPACE "USERS" ;
--------------------------------------------------------
--  DDL for Table TBLBOOKLOANS
--------------------------------------------------------

  CREATE TABLE "LMS"."TBLBOOKLOANS" 
   (	"LOAN_ID" NUMBER GENERATED ALWAYS AS IDENTITY MINVALUE 1 MAXVALUE 9999999999999999999999999999 INCREMENT BY 1 START WITH 1 CACHE 20 NOORDER  NOCYCLE  NOKEEP  NOSCALE , 
	"LOAN_TRACKING_NUM" VARCHAR2(10 BYTE), 
	"MEMBER_TRACKING_NUM" VARCHAR2(10 BYTE), 
	"BOOK_TRACKING_NUMBER" VARCHAR2(10 BYTE), 
	"LOAN_DATE" DATE DEFAULT SYSDATE, 
	"RETURN_DATE_EXPECTED" DATE, 
	"RETURN_DATE" DATE
   ) SEGMENT CREATION IMMEDIATE 
  PCTFREE 10 PCTUSED 40 INITRANS 1 MAXTRANS 255 
 NOCOMPRESS LOGGING
  STORAGE(INITIAL 65536 NEXT 1048576 MINEXTENTS 1 MAXEXTENTS 2147483645
  PCTINCREASE 0 FREELISTS 1 FREELIST GROUPS 1
  BUFFER_POOL DEFAULT FLASH_CACHE DEFAULT CELL_FLASH_CACHE DEFAULT)
  TABLESPACE "USERS" ;
--------------------------------------------------------
--  DDL for Table TBLFACULTY
--------------------------------------------------------

  CREATE TABLE "LMS"."TBLFACULTY" 
   (	"FACULTY_ID" NUMBER GENERATED BY DEFAULT AS IDENTITY MINVALUE 1 MAXVALUE 9999999999999999999999999999 INCREMENT BY 1 START WITH 1 CACHE 20 NOORDER  NOCYCLE  NOKEEP  NOSCALE , 
	"FACULTY_NAME" VARCHAR2(75 BYTE)
   ) SEGMENT CREATION IMMEDIATE 
  PCTFREE 10 PCTUSED 40 INITRANS 1 MAXTRANS 255 
 NOCOMPRESS LOGGING
  STORAGE(INITIAL 65536 NEXT 1048576 MINEXTENTS 1 MAXEXTENTS 2147483645
  PCTINCREASE 0 FREELISTS 1 FREELIST GROUPS 1
  BUFFER_POOL DEFAULT FLASH_CACHE DEFAULT CELL_FLASH_CACHE DEFAULT)
  TABLESPACE "USERS" ;
--------------------------------------------------------
--  DDL for Table TBLMEMBER
--------------------------------------------------------

  CREATE TABLE "LMS"."TBLMEMBER" 
   (	"MEMBER_ID" NUMBER GENERATED BY DEFAULT AS IDENTITY MINVALUE 1 MAXVALUE 9999999999999999999999999999 INCREMENT BY 1 START WITH 1 CACHE 20 NOORDER  NOCYCLE  NOKEEP  NOSCALE , 
	"MEMBER_TRACKING_NUM" VARCHAR2(10 BYTE), 
	"MEMBER_NAME" VARCHAR2(100 BYTE), 
	"FACULTY_ID" NUMBER, 
	"MEMBER_EMAIL" VARCHAR2(75 BYTE), 
	"MEMBER_PHONE" VARCHAR2(20 BYTE), 
	"CREATED_AT" DATE DEFAULT SYSDATE
   ) SEGMENT CREATION IMMEDIATE 
  PCTFREE 10 PCTUSED 40 INITRANS 1 MAXTRANS 255 
 NOCOMPRESS LOGGING
  STORAGE(INITIAL 65536 NEXT 1048576 MINEXTENTS 1 MAXEXTENTS 2147483645
  PCTINCREASE 0 FREELISTS 1 FREELIST GROUPS 1
  BUFFER_POOL DEFAULT FLASH_CACHE DEFAULT CELL_FLASH_CACHE DEFAULT)
  TABLESPACE "USERS" ;
REM INSERTING into LMS.FINE_PAYMENTS
SET DEFINE OFF;
REM INSERTING into LMS.TBLBOOK
SET DEFINE OFF;
Insert into LMS.TBLBOOK (BOOK_ID,BOOK_TRACKING_NUMBER,BOOK_TITLE,BOOK_AUTHOR,BOOK_PUBLISHER,BOOK_ISBN,CATEGORY_ID,CREATED_AT) values (23,'BK022','Pharmacology and the Nursing Process','Linda Lane Lilley','Mosby','9781496300232',14,to_date('13-APR-23','DD-MON-RR'));
Insert into LMS.TBLBOOK (BOOK_ID,BOOK_TRACKING_NUMBER,BOOK_TITLE,BOOK_AUTHOR,BOOK_PUBLISHER,BOOK_ISBN,CATEGORY_ID,CREATED_AT) values (24,'BK023','Maternal and Child Health Nursing: Care of the Childbearing and Childrearing Family','Adele Pillitteri','Wolters Kluwer','9781496348135',1,to_date('13-APR-23','DD-MON-RR'));
Insert into LMS.TBLBOOK (BOOK_ID,BOOK_TRACKING_NUMBER,BOOK_TITLE,BOOK_AUTHOR,BOOK_PUBLISHER,BOOK_ISBN,CATEGORY_ID,CREATED_AT) values (25,'BK024','Leadership Roles and Management Functions in Nursing: Theory and Application','Bessie L. Marquis','Wolters Kluwer','9781496349798',14,to_date('13-APR-23','DD-MON-RR'));
Insert into LMS.TBLBOOK (BOOK_ID,BOOK_TRACKING_NUMBER,BOOK_TITLE,BOOK_AUTHOR,BOOK_PUBLISHER,BOOK_ISBN,CATEGORY_ID,CREATED_AT) values (26,'BK025','Community/Public Health Nursing: Promoting the Health of Populations','Mary A. Nies','Saunders','9780323188197',14,to_date('13-APR-23','DD-MON-RR'));
Insert into LMS.TBLBOOK (BOOK_ID,BOOK_TRACKING_NUMBER,BOOK_TITLE,BOOK_AUTHOR,BOOK_PUBLISHER,BOOK_ISBN,CATEGORY_ID,CREATED_AT) values (1,'BK001','Gray''s Anatomy for Students','Richard Drake','Elsevier','9780323393041',14,to_date('13-APR-23','DD-MON-RR'));
Insert into LMS.TBLBOOK (BOOK_ID,BOOK_TRACKING_NUMBER,BOOK_TITLE,BOOK_AUTHOR,BOOK_PUBLISHER,BOOK_ISBN,CATEGORY_ID,CREATED_AT) values (2,'BK002','Netter''s Anatomy Coloring Book','John T. Hansen','Elsevier','9780323545037',14,to_date('13-APR-23','DD-MON-RR'));
Insert into LMS.TBLBOOK (BOOK_ID,BOOK_TRACKING_NUMBER,BOOK_TITLE,BOOK_AUTHOR,BOOK_PUBLISHER,BOOK_ISBN,CATEGORY_ID,CREATED_AT) values (3,'BK003','Robbins and Cotran Pathologic Basis of Disease','Vinay Kumar','Elsevier','9780323531139',14,to_date('13-APR-23','DD-MON-RR'));
Insert into LMS.TBLBOOK (BOOK_ID,BOOK_TRACKING_NUMBER,BOOK_TITLE,BOOK_AUTHOR,BOOK_PUBLISHER,BOOK_ISBN,CATEGORY_ID,CREATED_AT) values (4,'BK004','Harrison''s Principles of Internal Medicine','Dan L. Longo','McGraw-Hill Education','9781259644030',14,to_date('13-APR-23','DD-MON-RR'));
Insert into LMS.TBLBOOK (BOOK_ID,BOOK_TRACKING_NUMBER,BOOK_TITLE,BOOK_AUTHOR,BOOK_PUBLISHER,BOOK_ISBN,CATEGORY_ID,CREATED_AT) values (5,'BK005','Bates'' Guide to Physical Examination and History Taking','Lynn S. Bickley','Lippincott Williams & Wilkins','9781609137625',14,to_date('13-APR-23','DD-MON-RR'));
Insert into LMS.TBLBOOK (BOOK_ID,BOOK_TRACKING_NUMBER,BOOK_TITLE,BOOK_AUTHOR,BOOK_PUBLISHER,BOOK_ISBN,CATEGORY_ID,CREATED_AT) values (6,'BK006','Guyton and Hall Textbook of Medical Physiology','John E. Hall','Saunders','9780323597128',14,to_date('13-APR-23','DD-MON-RR'));
Insert into LMS.TBLBOOK (BOOK_ID,BOOK_TRACKING_NUMBER,BOOK_TITLE,BOOK_AUTHOR,BOOK_PUBLISHER,BOOK_ISBN,CATEGORY_ID,CREATED_AT) values (7,'BK007','Clinical Microbiology Made Ridiculously Simple','Mark Gladwin','MedMaster Inc','9781935660156',14,to_date('13-APR-23','DD-MON-RR'));
Insert into LMS.TBLBOOK (BOOK_ID,BOOK_TRACKING_NUMBER,BOOK_TITLE,BOOK_AUTHOR,BOOK_PUBLISHER,BOOK_ISBN,CATEGORY_ID,CREATED_AT) values (8,'BK008','Essentials of Medical Pharmacology','KD Tripathi','Jaypee Brothers Medical Pub','9789352706864',14,to_date('13-APR-23','DD-MON-RR'));
Insert into LMS.TBLBOOK (BOOK_ID,BOOK_TRACKING_NUMBER,BOOK_TITLE,BOOK_AUTHOR,BOOK_PUBLISHER,BOOK_ISBN,CATEGORY_ID,CREATED_AT) values (9,'BK009','Clinical Neuroanatomy Made Ridiculously Simple','Stephen Goldberg','MedMaster Inc','9781935660194',14,to_date('13-APR-23','DD-MON-RR'));
Insert into LMS.TBLBOOK (BOOK_ID,BOOK_TRACKING_NUMBER,BOOK_TITLE,BOOK_AUTHOR,BOOK_PUBLISHER,BOOK_ISBN,CATEGORY_ID,CREATED_AT) values (10,'BK010','Medical-Surgical Nursing: Assessment and Management of Clinical Problems','Sharon L. Lewis','Elsevier','9780323355937',14,to_date('13-APR-23','DD-MON-RR'));
Insert into LMS.TBLBOOK (BOOK_ID,BOOK_TRACKING_NUMBER,BOOK_TITLE,BOOK_AUTHOR,BOOK_PUBLISHER,BOOK_ISBN,CATEGORY_ID,CREATED_AT) values (11,'BK011','Principles of Biochemistry','David L. Nelson','W.H. Freeman & Company','9781464126116',14,to_date('13-APR-23','DD-MON-RR'));
Insert into LMS.TBLBOOK (BOOK_ID,BOOK_TRACKING_NUMBER,BOOK_TITLE,BOOK_AUTHOR,BOOK_PUBLISHER,BOOK_ISBN,CATEGORY_ID,CREATED_AT) values (12,'BK012','Essentials of Medical Physiology','Sembulingam','Jaypee Brothers Medical Pub','9789350259368',14,to_date('13-APR-23','DD-MON-RR'));
Insert into LMS.TBLBOOK (BOOK_ID,BOOK_TRACKING_NUMBER,BOOK_TITLE,BOOK_AUTHOR,BOOK_PUBLISHER,BOOK_ISBN,CATEGORY_ID,CREATED_AT) values (13,'BK013','Basic & Clinical Pharmacology','Bertram G. Katzung','McGraw-Hill Education','9781259641152',14,to_date('13-APR-23','DD-MON-RR'));
Insert into LMS.TBLBOOK (BOOK_ID,BOOK_TRACKING_NUMBER,BOOK_TITLE,BOOK_AUTHOR,BOOK_PUBLISHER,BOOK_ISBN,CATEGORY_ID,CREATED_AT) values (14,'BK014','Principles of Anatomy and Physiology','Gerard J. Tortora','Wiley','9781119320531',14,to_date('13-APR-23','DD-MON-RR'));
Insert into LMS.TBLBOOK (BOOK_ID,BOOK_TRACKING_NUMBER,BOOK_TITLE,BOOK_AUTHOR,BOOK_PUBLISHER,BOOK_ISBN,CATEGORY_ID,CREATED_AT) values (15,'BK015','The Merck Manual of Diagnosis and Therapy','Robert S. Porter','Merck Sharp & Dohme Corp','9780911910421',14,to_date('13-APR-23','DD-MON-RR'));
Insert into LMS.TBLBOOK (BOOK_ID,BOOK_TRACKING_NUMBER,BOOK_TITLE,BOOK_AUTHOR,BOOK_PUBLISHER,BOOK_ISBN,CATEGORY_ID,CREATED_AT) values (16,'BK016','Medical Physiology: A Systems Approach','Hershel Raff','McGraw-Hill Education','9781259645433',14,to_date('13-APR-23','DD-MON-RR'));
Insert into LMS.TBLBOOK (BOOK_ID,BOOK_TRACKING_NUMBER,BOOK_TITLE,BOOK_AUTHOR,BOOK_PUBLISHER,BOOK_ISBN,CATEGORY_ID,CREATED_AT) values (17,'BK017','Medical-Surgical Nursing: Concepts for Interprofessional Collaborative Care','Donna D. Ignatavicius','Saunders','9780323444194',14,to_date('13-APR-23','DD-MON-RR'));
Insert into LMS.TBLBOOK (BOOK_ID,BOOK_TRACKING_NUMBER,BOOK_TITLE,BOOK_AUTHOR,BOOK_PUBLISHER,BOOK_ISBN,CATEGORY_ID,CREATED_AT) values (18,'BK018','Clinical Anatomy Made Ridiculously Simple','Stephen Goldberg','MedMaster Inc','9781935660187',14,to_date('13-APR-23','DD-MON-RR'));
Insert into LMS.TBLBOOK (BOOK_ID,BOOK_TRACKING_NUMBER,BOOK_TITLE,BOOK_AUTHOR,BOOK_PUBLISHER,BOOK_ISBN,CATEGORY_ID,CREATED_AT) values (19,'BK019','Nelson Essentials of Pediatrics','Karen Marcdante','Elsevier','9780323527354',14,to_date('13-APR-23','DD-MON-RR'));
Insert into LMS.TBLBOOK (BOOK_ID,BOOK_TRACKING_NUMBER,BOOK_TITLE,BOOK_AUTHOR,BOOK_PUBLISHER,BOOK_ISBN,CATEGORY_ID,CREATED_AT) values (21,'BK020','Nursing Diagnosis Handbook: An Evidence-Based Guide to Planning Care','Betty J. Ackley','Mosby','9780323322249',14,to_date('13-APR-23','DD-MON-RR'));
Insert into LMS.TBLBOOK (BOOK_ID,BOOK_TRACKING_NUMBER,BOOK_TITLE,BOOK_AUTHOR,BOOK_PUBLISHER,BOOK_ISBN,CATEGORY_ID,CREATED_AT) values (22,'BK021','Fundamentals of Nursing','Patricia A. Potter','Mosby','9780323553328',14,to_date('13-APR-23','DD-MON-RR'));
Insert into LMS.TBLBOOK (BOOK_ID,BOOK_TRACKING_NUMBER,BOOK_TITLE,BOOK_AUTHOR,BOOK_PUBLISHER,BOOK_ISBN,CATEGORY_ID,CREATED_AT) values (41,'BK026','Harry Potter and the Philosopher''s Stone','J.K. Rowling','Bloomsbury','9780545069670',1,to_date('15-APR-23','DD-MON-RR'));
Insert into LMS.TBLBOOK (BOOK_ID,BOOK_TRACKING_NUMBER,BOOK_TITLE,BOOK_AUTHOR,BOOK_PUBLISHER,BOOK_ISBN,CATEGORY_ID,CREATED_AT) values (42,'BK027','Harry Potter and the Chamber of Secrets','J.K. Rowling','Bloomsbury','9780439064866',1,to_date('15-APR-23','DD-MON-RR'));
Insert into LMS.TBLBOOK (BOOK_ID,BOOK_TRACKING_NUMBER,BOOK_TITLE,BOOK_AUTHOR,BOOK_PUBLISHER,BOOK_ISBN,CATEGORY_ID,CREATED_AT) values (43,'BK028','Harry Potter and the Prisoner of Azkaban','J.K. Rowling','Bloomsbury','9780439136358',1,to_date('15-APR-23','DD-MON-RR'));
Insert into LMS.TBLBOOK (BOOK_ID,BOOK_TRACKING_NUMBER,BOOK_TITLE,BOOK_AUTHOR,BOOK_PUBLISHER,BOOK_ISBN,CATEGORY_ID,CREATED_AT) values (44,'BK029','Harry Potter and the Goblet of Fire','J.K. Rowling','Bloomsbury','9780439139601',1,to_date('15-APR-23','DD-MON-RR'));
Insert into LMS.TBLBOOK (BOOK_ID,BOOK_TRACKING_NUMBER,BOOK_TITLE,BOOK_AUTHOR,BOOK_PUBLISHER,BOOK_ISBN,CATEGORY_ID,CREATED_AT) values (45,'BK030','Harry Potter and the Order of the Phoenix','J.K. Rowling','Bloomsbury','9780439358071',1,to_date('15-APR-23','DD-MON-RR'));
Insert into LMS.TBLBOOK (BOOK_ID,BOOK_TRACKING_NUMBER,BOOK_TITLE,BOOK_AUTHOR,BOOK_PUBLISHER,BOOK_ISBN,CATEGORY_ID,CREATED_AT) values (46,'BK031','Harry Potter and the Half-Blood Prince','J.K. Rowling','Bloomsbury','9780439784542',1,to_date('15-APR-23','DD-MON-RR'));
Insert into LMS.TBLBOOK (BOOK_ID,BOOK_TRACKING_NUMBER,BOOK_TITLE,BOOK_AUTHOR,BOOK_PUBLISHER,BOOK_ISBN,CATEGORY_ID,CREATED_AT) values (47,'BK032','Harry Potter and the Deathly Hallows','J.K. Rowling','Bloomsbury','9780545139700',1,to_date('15-APR-23','DD-MON-RR'));
Insert into LMS.TBLBOOK (BOOK_ID,BOOK_TRACKING_NUMBER,BOOK_TITLE,BOOK_AUTHOR,BOOK_PUBLISHER,BOOK_ISBN,CATEGORY_ID,CREATED_AT) values (48,'BK033','A Study in Scarlet','Sir Arthur Conan Doyle','Ward, Lock & Co.','9781840224114',1,to_date('15-APR-23','DD-MON-RR'));
Insert into LMS.TBLBOOK (BOOK_ID,BOOK_TRACKING_NUMBER,BOOK_TITLE,BOOK_AUTHOR,BOOK_PUBLISHER,BOOK_ISBN,CATEGORY_ID,CREATED_AT) values (49,'BK034','The Sign of the Four','Sir Arthur Conan Doyle','Spencer Blackett','9780486290651',1,to_date('15-APR-23','DD-MON-RR'));
Insert into LMS.TBLBOOK (BOOK_ID,BOOK_TRACKING_NUMBER,BOOK_TITLE,BOOK_AUTHOR,BOOK_PUBLISHER,BOOK_ISBN,CATEGORY_ID,CREATED_AT) values (50,'BK035','The Adventures of Sherlock Holmes','Sir Arthur Conan Doyle','George Newnes','9780192123163',1,to_date('15-APR-23','DD-MON-RR'));
Insert into LMS.TBLBOOK (BOOK_ID,BOOK_TRACKING_NUMBER,BOOK_TITLE,BOOK_AUTHOR,BOOK_PUBLISHER,BOOK_ISBN,CATEGORY_ID,CREATED_AT) values (51,'BK036','The Memoirs of Sherlock Holmes','Sir Arthur Conan Doyle','George Newnes','9780192123262',1,to_date('15-APR-23','DD-MON-RR'));
Insert into LMS.TBLBOOK (BOOK_ID,BOOK_TRACKING_NUMBER,BOOK_TITLE,BOOK_AUTHOR,BOOK_PUBLISHER,BOOK_ISBN,CATEGORY_ID,CREATED_AT) values (52,'BK037','The Return of Sherlock Holmes','Sir Arthur Conan Doyle','George Newnes','9780192123293',1,to_date('15-APR-23','DD-MON-RR'));
Insert into LMS.TBLBOOK (BOOK_ID,BOOK_TRACKING_NUMBER,BOOK_TITLE,BOOK_AUTHOR,BOOK_PUBLISHER,BOOK_ISBN,CATEGORY_ID,CREATED_AT) values (53,'BK038','The Valley of Fear','Sir Arthur Conan Doyle','George Newnes','9780192123217',1,to_date('15-APR-23','DD-MON-RR'));
Insert into LMS.TBLBOOK (BOOK_ID,BOOK_TRACKING_NUMBER,BOOK_TITLE,BOOK_AUTHOR,BOOK_PUBLISHER,BOOK_ISBN,CATEGORY_ID,CREATED_AT) values (54,'BK039','His Last Bow','Sir Arthur Conan Doyle','John Murray','9780192123347',1,to_date('15-APR-23','DD-MON-RR'));
Insert into LMS.TBLBOOK (BOOK_ID,BOOK_TRACKING_NUMBER,BOOK_TITLE,BOOK_AUTHOR,BOOK_PUBLISHER,BOOK_ISBN,CATEGORY_ID,CREATED_AT) values (55,'BK040','The Case-Book of Sherlock Holmes','Sir Arthur Conan Doyle','George Newnes','9780192123248',1,to_date('15-APR-23','DD-MON-RR'));
Insert into LMS.TBLBOOK (BOOK_ID,BOOK_TRACKING_NUMBER,BOOK_TITLE,BOOK_AUTHOR,BOOK_PUBLISHER,BOOK_ISBN,CATEGORY_ID,CREATED_AT) values (56,'BK041','The Lost World','Sir Arthur Conan Doyle','Hodder & Stoughton','9780192123392',1,to_date('15-APR-23','DD-MON-RR'));
Insert into LMS.TBLBOOK (BOOK_ID,BOOK_TRACKING_NUMBER,BOOK_TITLE,BOOK_AUTHOR,BOOK_PUBLISHER,BOOK_ISBN,CATEGORY_ID,CREATED_AT) values (57,'BK042','Angels & Demons','Dan Brown','Pocket Books','9780671027360',1,to_date('15-APR-23','DD-MON-RR'));
Insert into LMS.TBLBOOK (BOOK_ID,BOOK_TRACKING_NUMBER,BOOK_TITLE,BOOK_AUTHOR,BOOK_PUBLISHER,BOOK_ISBN,CATEGORY_ID,CREATED_AT) values (58,'BK043','The Da Vinci Code','Dan Brown','Doubleday','9780385504201',1,to_date('15-APR-23','DD-MON-RR'));
Insert into LMS.TBLBOOK (BOOK_ID,BOOK_TRACKING_NUMBER,BOOK_TITLE,BOOK_AUTHOR,BOOK_PUBLISHER,BOOK_ISBN,CATEGORY_ID,CREATED_AT) values (59,'BK044','Deception Point','Dan Brown','Pocket Books','9780671027384',1,to_date('15-APR-23','DD-MON-RR'));
Insert into LMS.TBLBOOK (BOOK_ID,BOOK_TRACKING_NUMBER,BOOK_TITLE,BOOK_AUTHOR,BOOK_PUBLISHER,BOOK_ISBN,CATEGORY_ID,CREATED_AT) values (60,'BK045','Digital Fortress','Dan Brown','St. Martin''s Press','9780312944926',1,to_date('15-APR-23','DD-MON-RR'));
Insert into LMS.TBLBOOK (BOOK_ID,BOOK_TRACKING_NUMBER,BOOK_TITLE,BOOK_AUTHOR,BOOK_PUBLISHER,BOOK_ISBN,CATEGORY_ID,CREATED_AT) values (61,'BK046','The Lost Symbol','Dan Brown','Doubleday','9780385504225',1,to_date('15-APR-23','DD-MON-RR'));
Insert into LMS.TBLBOOK (BOOK_ID,BOOK_TRACKING_NUMBER,BOOK_TITLE,BOOK_AUTHOR,BOOK_PUBLISHER,BOOK_ISBN,CATEGORY_ID,CREATED_AT) values (62,'BK047','Inferno','Dan Brown','Doubleday','9780385537858',1,to_date('15-APR-23','DD-MON-RR'));
Insert into LMS.TBLBOOK (BOOK_ID,BOOK_TRACKING_NUMBER,BOOK_TITLE,BOOK_AUTHOR,BOOK_PUBLISHER,BOOK_ISBN,CATEGORY_ID,CREATED_AT) values (63,'BK048','Origin','Dan Brown','Doubleday','9780385514231',1,to_date('15-APR-23','DD-MON-RR'));
Insert into LMS.TBLBOOK (BOOK_ID,BOOK_TRACKING_NUMBER,BOOK_TITLE,BOOK_AUTHOR,BOOK_PUBLISHER,BOOK_ISBN,CATEGORY_ID,CREATED_AT) values (64,'BK049','Subterranean','James Rollins','Harper','9780062381654',1,to_date('15-APR-23','DD-MON-RR'));
Insert into LMS.TBLBOOK (BOOK_ID,BOOK_TRACKING_NUMBER,BOOK_TITLE,BOOK_AUTHOR,BOOK_PUBLISHER,BOOK_ISBN,CATEGORY_ID,CREATED_AT) values (65,'BK050','Excavation','James Rollins','Harper','9780062381692',1,to_date('15-APR-23','DD-MON-RR'));
Insert into LMS.TBLBOOK (BOOK_ID,BOOK_TRACKING_NUMBER,BOOK_TITLE,BOOK_AUTHOR,BOOK_PUBLISHER,BOOK_ISBN,CATEGORY_ID,CREATED_AT) values (66,'BK051','Deep Fathom','James Rollins','Avon','9780380818498',1,to_date('15-APR-23','DD-MON-RR'));
Insert into LMS.TBLBOOK (BOOK_ID,BOOK_TRACKING_NUMBER,BOOK_TITLE,BOOK_AUTHOR,BOOK_PUBLISHER,BOOK_ISBN,CATEGORY_ID,CREATED_AT) values (67,'BK052','Amazonia','James Rollins','Avon','9780380818542',1,to_date('15-APR-23','DD-MON-RR'));
Insert into LMS.TBLBOOK (BOOK_ID,BOOK_TRACKING_NUMBER,BOOK_TITLE,BOOK_AUTHOR,BOOK_PUBLISHER,BOOK_ISBN,CATEGORY_ID,CREATED_AT) values (68,'BK053','Ice Hunt','James Rollins','Avon','9780061965811',1,to_date('15-APR-23','DD-MON-RR'));
Insert into LMS.TBLBOOK (BOOK_ID,BOOK_TRACKING_NUMBER,BOOK_TITLE,BOOK_AUTHOR,BOOK_PUBLISHER,BOOK_ISBN,CATEGORY_ID,CREATED_AT) values (69,'BK054','Sandstorm','James Rollins','Avon','9780062194911',1,to_date('15-APR-23','DD-MON-RR'));
Insert into LMS.TBLBOOK (BOOK_ID,BOOK_TRACKING_NUMBER,BOOK_TITLE,BOOK_AUTHOR,BOOK_PUBLISHER,BOOK_ISBN,CATEGORY_ID,CREATED_AT) values (70,'BK055','Map of Bones','James Rollins','William Morrow','9780062017855',1,to_date('15-APR-23','DD-MON-RR'));
Insert into LMS.TBLBOOK (BOOK_ID,BOOK_TRACKING_NUMBER,BOOK_TITLE,BOOK_AUTHOR,BOOK_PUBLISHER,BOOK_ISBN,CATEGORY_ID,CREATED_AT) values (71,'BK056','Black Order','James Rollins','William Morrow','9780062017855',1,to_date('15-APR-23','DD-MON-RR'));
Insert into LMS.TBLBOOK (BOOK_ID,BOOK_TRACKING_NUMBER,BOOK_TITLE,BOOK_AUTHOR,BOOK_PUBLISHER,BOOK_ISBN,CATEGORY_ID,CREATED_AT) values (72,'BK057','The Judas Strain','James Rollins','William Morrow','9780060763893',1,to_date('15-APR-23','DD-MON-RR'));
Insert into LMS.TBLBOOK (BOOK_ID,BOOK_TRACKING_NUMBER,BOOK_TITLE,BOOK_AUTHOR,BOOK_PUBLISHER,BOOK_ISBN,CATEGORY_ID,CREATED_AT) values (73,'BK058','The Last Oracle','James Rollins','William Morrow','9780061230946',1,to_date('15-APR-23','DD-MON-RR'));
Insert into LMS.TBLBOOK (BOOK_ID,BOOK_TRACKING_NUMBER,BOOK_TITLE,BOOK_AUTHOR,BOOK_PUBLISHER,BOOK_ISBN,CATEGORY_ID,CREATED_AT) values (74,'BK059','The Doomsday Key','James Rollins','William Morrow','9780061231424',1,to_date('15-APR-23','DD-MON-RR'));
Insert into LMS.TBLBOOK (BOOK_ID,BOOK_TRACKING_NUMBER,BOOK_TITLE,BOOK_AUTHOR,BOOK_PUBLISHER,BOOK_ISBN,CATEGORY_ID,CREATED_AT) values (75,'BK060','The Devil Colony','James Rollins','William Morrow','9780061784798',1,to_date('15-APR-23','DD-MON-RR'));
Insert into LMS.TBLBOOK (BOOK_ID,BOOK_TRACKING_NUMBER,BOOK_TITLE,BOOK_AUTHOR,BOOK_PUBLISHER,BOOK_ISBN,CATEGORY_ID,CREATED_AT) values (76,'BK061','Bloodline','James Rollins','William Morrow','9780061784798',1,to_date('15-APR-23','DD-MON-RR'));
Insert into LMS.TBLBOOK (BOOK_ID,BOOK_TRACKING_NUMBER,BOOK_TITLE,BOOK_AUTHOR,BOOK_PUBLISHER,BOOK_ISBN,CATEGORY_ID,CREATED_AT) values (77,'BK062','The Eye of God','James Rollins','William Morrow','9780061785665',1,to_date('15-APR-23','DD-MON-RR'));
Insert into LMS.TBLBOOK (BOOK_ID,BOOK_TRACKING_NUMBER,BOOK_TITLE,BOOK_AUTHOR,BOOK_PUBLISHER,BOOK_ISBN,CATEGORY_ID,CREATED_AT) values (78,'BK063','The Sixth Extinction','James Rollins','William Morrow','9780061784811',1,to_date('15-APR-23','DD-MON-RR'));
Insert into LMS.TBLBOOK (BOOK_ID,BOOK_TRACKING_NUMBER,BOOK_TITLE,BOOK_AUTHOR,BOOK_PUBLISHER,BOOK_ISBN,CATEGORY_ID,CREATED_AT) values (79,'BK064','An Introduction to the Legal System of the United States','E. Allan Farnsworth','Oxford University Press','9780199733101',12,to_date('15-APR-23','DD-MON-RR'));
Insert into LMS.TBLBOOK (BOOK_ID,BOOK_TRACKING_NUMBER,BOOK_TITLE,BOOK_AUTHOR,BOOK_PUBLISHER,BOOK_ISBN,CATEGORY_ID,CREATED_AT) values (80,'BK065','Law School Confidential: A Complete Guide to the Law School Experience','Robert H. Miller','St. Martin''s Griffin','9780312605117',12,to_date('15-APR-23','DD-MON-RR'));
REM INSERTING into LMS.TBLBOOKCATEGORY
SET DEFINE OFF;
Insert into LMS.TBLBOOKCATEGORY (CATEGORY_ID,CATEGORY_NAME) values (1,'Fictions');
Insert into LMS.TBLBOOKCATEGORY (CATEGORY_ID,CATEGORY_NAME) values (2,'Mathematics');
Insert into LMS.TBLBOOKCATEGORY (CATEGORY_ID,CATEGORY_NAME) values (3,'Mechanical Engineering');
Insert into LMS.TBLBOOKCATEGORY (CATEGORY_ID,CATEGORY_NAME) values (4,'Environmental Science');
Insert into LMS.TBLBOOKCATEGORY (CATEGORY_ID,CATEGORY_NAME) values (5,'Architecture');
Insert into LMS.TBLBOOKCATEGORY (CATEGORY_ID,CATEGORY_NAME) values (6,'Biography');
Insert into LMS.TBLBOOKCATEGORY (CATEGORY_ID,CATEGORY_NAME) values (7,'Languages');
Insert into LMS.TBLBOOKCATEGORY (CATEGORY_ID,CATEGORY_NAME) values (8,'Educational');
Insert into LMS.TBLBOOKCATEGORY (CATEGORY_ID,CATEGORY_NAME) values (9,'Management');
Insert into LMS.TBLBOOKCATEGORY (CATEGORY_ID,CATEGORY_NAME) values (10,'History');
Insert into LMS.TBLBOOKCATEGORY (CATEGORY_ID,CATEGORY_NAME) values (11,'Motivational');
Insert into LMS.TBLBOOKCATEGORY (CATEGORY_ID,CATEGORY_NAME) values (12,'Law');
Insert into LMS.TBLBOOKCATEGORY (CATEGORY_ID,CATEGORY_NAME) values (13,'Computer Science');
Insert into LMS.TBLBOOKCATEGORY (CATEGORY_ID,CATEGORY_NAME) values (14,'Medical Science');
Insert into LMS.TBLBOOKCATEGORY (CATEGORY_ID,CATEGORY_NAME) values (15,'Accounting');
Insert into LMS.TBLBOOKCATEGORY (CATEGORY_ID,CATEGORY_NAME) values (16,'Statistics');
Insert into LMS.TBLBOOKCATEGORY (CATEGORY_ID,CATEGORY_NAME) values (17,'Religion');
Insert into LMS.TBLBOOKCATEGORY (CATEGORY_ID,CATEGORY_NAME) values (18,'Civil Engineering');
Insert into LMS.TBLBOOKCATEGORY (CATEGORY_ID,CATEGORY_NAME) values (19,'Physics');
Insert into LMS.TBLBOOKCATEGORY (CATEGORY_ID,CATEGORY_NAME) values (20,'Polymer Science');
Insert into LMS.TBLBOOKCATEGORY (CATEGORY_ID,CATEGORY_NAME) values (21,'Plant Biotechnology');
REM INSERTING into LMS.TBLBOOKLOANS
SET DEFINE OFF;
Insert into LMS.TBLBOOKLOANS (LOAN_ID,LOAN_TRACKING_NUM,MEMBER_TRACKING_NUM,BOOK_TRACKING_NUMBER,LOAN_DATE,RETURN_DATE_EXPECTED,RETURN_DATE) values (1,'LB001','ST006','BK005',to_date('14-APR-23','DD-MON-RR'),to_date('28-APR-23','DD-MON-RR'),to_date('28-APR-23','DD-MON-RR'));
Insert into LMS.TBLBOOKLOANS (LOAN_ID,LOAN_TRACKING_NUM,MEMBER_TRACKING_NUM,BOOK_TRACKING_NUMBER,LOAN_DATE,RETURN_DATE_EXPECTED,RETURN_DATE) values (2,'LB002','ST006','BK004',to_date('14-APR-23','DD-MON-RR'),to_date('28-APR-23','DD-MON-RR'),to_date('18-APR-23','DD-MON-RR'));
Insert into LMS.TBLBOOKLOANS (LOAN_ID,LOAN_TRACKING_NUM,MEMBER_TRACKING_NUM,BOOK_TRACKING_NUMBER,LOAN_DATE,RETURN_DATE_EXPECTED,RETURN_DATE) values (3,'LB003','ST005','BK010',to_date('14-APR-23','DD-MON-RR'),to_date('28-APR-23','DD-MON-RR'),to_date('18-APR-23','DD-MON-RR'));
Insert into LMS.TBLBOOKLOANS (LOAN_ID,LOAN_TRACKING_NUM,MEMBER_TRACKING_NUM,BOOK_TRACKING_NUMBER,LOAN_DATE,RETURN_DATE_EXPECTED,RETURN_DATE) values (41,'LB006','ST019','BK051',to_date('15-APR-23','DD-MON-RR'),to_date('29-APR-23','DD-MON-RR'),to_date('18-APR-23','DD-MON-RR'));
Insert into LMS.TBLBOOKLOANS (LOAN_ID,LOAN_TRACKING_NUM,MEMBER_TRACKING_NUM,BOOK_TRACKING_NUMBER,LOAN_DATE,RETURN_DATE_EXPECTED,RETURN_DATE) values (42,'LB007','ST016','BK052',to_date('14-APR-23','DD-MON-RR'),to_date('28-APR-23','DD-MON-RR'),null);
Insert into LMS.TBLBOOKLOANS (LOAN_ID,LOAN_TRACKING_NUM,MEMBER_TRACKING_NUM,BOOK_TRACKING_NUMBER,LOAN_DATE,RETURN_DATE_EXPECTED,RETURN_DATE) values (22,'LB005','ST020','BK055',to_date('14-APR-23','DD-MON-RR'),to_date('28-APR-23','DD-MON-RR'),to_date('18-APR-23','DD-MON-RR'));
Insert into LMS.TBLBOOKLOANS (LOAN_ID,LOAN_TRACKING_NUM,MEMBER_TRACKING_NUM,BOOK_TRACKING_NUMBER,LOAN_DATE,RETURN_DATE_EXPECTED,RETURN_DATE) values (21,'LB004','ST005','BK009',to_date('14-APR-23','DD-MON-RR'),to_date('28-APR-23','DD-MON-RR'),to_date('18-APR-23','DD-MON-RR'));
REM INSERTING into LMS.TBLFACULTY
SET DEFINE OFF;
Insert into LMS.TBLFACULTY (FACULTY_ID,FACULTY_NAME) values (1,'Faculty of Arts');
Insert into LMS.TBLFACULTY (FACULTY_ID,FACULTY_NAME) values (2,'Faculty of Education');
Insert into LMS.TBLFACULTY (FACULTY_ID,FACULTY_NAME) values (3,'Faculty of Graduate Studies');
Insert into LMS.TBLFACULTY (FACULTY_ID,FACULTY_NAME) values (4,'Faculty of Indigenous Medicine');
Insert into LMS.TBLFACULTY (FACULTY_ID,FACULTY_NAME) values (5,'Faculty of Law');
Insert into LMS.TBLFACULTY (FACULTY_ID,FACULTY_NAME) values (6,'Faculty of Management and Finance');
Insert into LMS.TBLFACULTY (FACULTY_ID,FACULTY_NAME) values (7,'Faculty of Medicine');
Insert into LMS.TBLFACULTY (FACULTY_ID,FACULTY_NAME) values (8,'Faculty of Science');
Insert into LMS.TBLFACULTY (FACULTY_ID,FACULTY_NAME) values (9,'Faculty of Technology');
Insert into LMS.TBLFACULTY (FACULTY_ID,FACULTY_NAME) values (10,'Faculty of Nursing');
Insert into LMS.TBLFACULTY (FACULTY_ID,FACULTY_NAME) values (11,'Faculty of Computing');
Insert into LMS.TBLFACULTY (FACULTY_ID,FACULTY_NAME) values (12,'Faculty of Applied Sciences');
Insert into LMS.TBLFACULTY (FACULTY_ID,FACULTY_NAME) values (13,'Faculty of Urban and Aquatic Bioresources');
Insert into LMS.TBLFACULTY (FACULTY_ID,FACULTY_NAME) values (14,'Faculty of Engineering');
REM INSERTING into LMS.TBLMEMBER
SET DEFINE OFF;
Insert into LMS.TBLMEMBER (MEMBER_ID,MEMBER_TRACKING_NUM,MEMBER_NAME,FACULTY_ID,MEMBER_EMAIL,MEMBER_PHONE,CREATED_AT) values (13,'ST005','Givantha Nishan',7,'givanthan@uniemail.com','0715236521',to_date('01-JAN-23','DD-MON-RR'));
Insert into LMS.TBLMEMBER (MEMBER_ID,MEMBER_TRACKING_NUM,MEMBER_NAME,FACULTY_ID,MEMBER_EMAIL,MEMBER_PHONE,CREATED_AT) values (12,'ST004','Ayanthi Karunanayake',10,'ayanthik@uniemail.com','0785214456',to_date('01-JAN-23','DD-MON-RR'));
Insert into LMS.TBLMEMBER (MEMBER_ID,MEMBER_TRACKING_NUM,MEMBER_NAME,FACULTY_ID,MEMBER_EMAIL,MEMBER_PHONE,CREATED_AT) values (6,'ST001','Gayan Fernando',8,'gayanf@uniemail.com','0728390978',to_date('01-JAN-23','DD-MON-RR'));
Insert into LMS.TBLMEMBER (MEMBER_ID,MEMBER_TRACKING_NUM,MEMBER_NAME,FACULTY_ID,MEMBER_EMAIL,MEMBER_PHONE,CREATED_AT) values (9,'ST002','Milan Peiris',14,'milanp@uniemail.com','0756325214',to_date('01-JAN-23','DD-MON-RR'));
Insert into LMS.TBLMEMBER (MEMBER_ID,MEMBER_TRACKING_NUM,MEMBER_NAME,FACULTY_ID,MEMBER_EMAIL,MEMBER_PHONE,CREATED_AT) values (11,'ST003','Malan Dharmapriya',1,'maland@uniemail.com','0758521421',to_date('01-JAN-23','DD-MON-RR'));
Insert into LMS.TBLMEMBER (MEMBER_ID,MEMBER_TRACKING_NUM,MEMBER_NAME,FACULTY_ID,MEMBER_EMAIL,MEMBER_PHONE,CREATED_AT) values (22,'ST006','Ashani Dias',7,'ashanid@uniemail.com','0789658741',to_date('01-JAN-23','DD-MON-RR'));
Insert into LMS.TBLMEMBER (MEMBER_ID,MEMBER_TRACKING_NUM,MEMBER_NAME,FACULTY_ID,MEMBER_EMAIL,MEMBER_PHONE,CREATED_AT) values (41,'ST007','Gimhan Suriyabandara',5,'gimhans@uniemail.com','0718563214',to_date('01-JAN-23','DD-MON-RR'));
Insert into LMS.TBLMEMBER (MEMBER_ID,MEMBER_TRACKING_NUM,MEMBER_NAME,FACULTY_ID,MEMBER_EMAIL,MEMBER_PHONE,CREATED_AT) values (42,'ST008','Sadiranga Walpita',7,'sadirangaw@uniemail.com','0763241214',to_date('01-JAN-23','DD-MON-RR'));
Insert into LMS.TBLMEMBER (MEMBER_ID,MEMBER_TRACKING_NUM,MEMBER_NAME,FACULTY_ID,MEMBER_EMAIL,MEMBER_PHONE,CREATED_AT) values (43,'ST009','Sadeepa Dilruk',11,'sadeepad@uniemail.com','0721412563',to_date('01-JAN-23','DD-MON-RR'));
Insert into LMS.TBLMEMBER (MEMBER_ID,MEMBER_TRACKING_NUM,MEMBER_NAME,FACULTY_ID,MEMBER_EMAIL,MEMBER_PHONE,CREATED_AT) values (44,'ST010','Kasuri Gayanthika',6,'kasurig@uniemail.com','0756321412',to_date('01-JAN-23','DD-MON-RR'));
Insert into LMS.TBLMEMBER (MEMBER_ID,MEMBER_TRACKING_NUM,MEMBER_NAME,FACULTY_ID,MEMBER_EMAIL,MEMBER_PHONE,CREATED_AT) values (45,'ST011','Ishan Binusha',6,'ishanb@uniemail.com','0745214123',to_date('01-JAN-23','DD-MON-RR'));
Insert into LMS.TBLMEMBER (MEMBER_ID,MEMBER_TRACKING_NUM,MEMBER_NAME,FACULTY_ID,MEMBER_EMAIL,MEMBER_PHONE,CREATED_AT) values (46,'ST012','Chagi Basuru',12,'chagib@uniemail.com','0777775213',to_date('01-JAN-23','DD-MON-RR'));
Insert into LMS.TBLMEMBER (MEMBER_ID,MEMBER_TRACKING_NUM,MEMBER_NAME,FACULTY_ID,MEMBER_EMAIL,MEMBER_PHONE,CREATED_AT) values (47,'ST013','Chapa Amathadini',12,'chapaa@uniemail.com','0766521412',to_date('01-JAN-23','DD-MON-RR'));
Insert into LMS.TBLMEMBER (MEMBER_ID,MEMBER_TRACKING_NUM,MEMBER_NAME,FACULTY_ID,MEMBER_EMAIL,MEMBER_PHONE,CREATED_AT) values (48,'ST014','Gayani Dayarathne',6,'gayanid@uniemail.com','0728555214',to_date('01-JAN-23','DD-MON-RR'));
Insert into LMS.TBLMEMBER (MEMBER_ID,MEMBER_TRACKING_NUM,MEMBER_NAME,FACULTY_ID,MEMBER_EMAIL,MEMBER_PHONE,CREATED_AT) values (49,'ST015','Aparni Irunika',7,'aparnia@uniemail.com','0734125214',to_date('01-JAN-23','DD-MON-RR'));
Insert into LMS.TBLMEMBER (MEMBER_ID,MEMBER_TRACKING_NUM,MEMBER_NAME,FACULTY_ID,MEMBER_EMAIL,MEMBER_PHONE,CREATED_AT) values (50,'ST016','Thilina Isuranga',11,'thilinai@uniemail.com','0799523214',to_date('01-JAN-23','DD-MON-RR'));
Insert into LMS.TBLMEMBER (MEMBER_ID,MEMBER_TRACKING_NUM,MEMBER_NAME,FACULTY_ID,MEMBER_EMAIL,MEMBER_PHONE,CREATED_AT) values (51,'ST017','Lawan Werapitiya',11,'lawanw@uniemail.com','0763212514',to_date('01-JAN-23','DD-MON-RR'));
Insert into LMS.TBLMEMBER (MEMBER_ID,MEMBER_TRACKING_NUM,MEMBER_NAME,FACULTY_ID,MEMBER_EMAIL,MEMBER_PHONE,CREATED_AT) values (52,'ST018','Buddika Dilhan',14,'buddikad@uniemail.com','0774232141',to_date('01-JAN-23','DD-MON-RR'));
Insert into LMS.TBLMEMBER (MEMBER_ID,MEMBER_TRACKING_NUM,MEMBER_NAME,FACULTY_ID,MEMBER_EMAIL,MEMBER_PHONE,CREATED_AT) values (53,'ST019','Pasan Uluwatta',14,'pasanu@uniemail.com','0785214222',to_date('01-JAN-23','DD-MON-RR'));
Insert into LMS.TBLMEMBER (MEMBER_ID,MEMBER_TRACKING_NUM,MEMBER_NAME,FACULTY_ID,MEMBER_EMAIL,MEMBER_PHONE,CREATED_AT) values (54,'ST020','Yashika Maduwanthi',1,'yashikam@uniemail.com','0725214112',to_date('01-JAN-23','DD-MON-RR'));
--------------------------------------------------------
--  DDL for Index PK_TBLFACULTY
--------------------------------------------------------

  CREATE UNIQUE INDEX "LMS"."PK_TBLFACULTY" ON "LMS"."TBLFACULTY" ("FACULTY_ID") 
  PCTFREE 10 INITRANS 2 MAXTRANS 255 COMPUTE STATISTICS 
  STORAGE(INITIAL 65536 NEXT 1048576 MINEXTENTS 1 MAXEXTENTS 2147483645
  PCTINCREASE 0 FREELISTS 1 FREELIST GROUPS 1
  BUFFER_POOL DEFAULT FLASH_CACHE DEFAULT CELL_FLASH_CACHE DEFAULT)
  TABLESPACE "USERS" ;
--------------------------------------------------------
--  DDL for Index UNIQUE_MEMBER_TRACKING_NUM
--------------------------------------------------------

  CREATE UNIQUE INDEX "LMS"."UNIQUE_MEMBER_TRACKING_NUM" ON "LMS"."TBLMEMBER" ("MEMBER_TRACKING_NUM") 
  PCTFREE 10 INITRANS 2 MAXTRANS 255 COMPUTE STATISTICS 
  STORAGE(INITIAL 65536 NEXT 1048576 MINEXTENTS 1 MAXEXTENTS 2147483645
  PCTINCREASE 0 FREELISTS 1 FREELIST GROUPS 1
  BUFFER_POOL DEFAULT FLASH_CACHE DEFAULT CELL_FLASH_CACHE DEFAULT)
  TABLESPACE "USERS" ;
--------------------------------------------------------
--  Constraints for Table TBLBOOK
--------------------------------------------------------

  ALTER TABLE "LMS"."TBLBOOK" MODIFY ("BOOK_ID" NOT NULL ENABLE);
  ALTER TABLE "LMS"."TBLBOOK" MODIFY ("BOOK_TRACKING_NUMBER" NOT NULL ENABLE);
  ALTER TABLE "LMS"."TBLBOOK" MODIFY ("BOOK_TITLE" NOT NULL ENABLE);
  ALTER TABLE "LMS"."TBLBOOK" MODIFY ("BOOK_AUTHOR" NOT NULL ENABLE);
  ALTER TABLE "LMS"."TBLBOOK" MODIFY ("BOOK_PUBLISHER" NOT NULL ENABLE);
  ALTER TABLE "LMS"."TBLBOOK" MODIFY ("BOOK_ISBN" NOT NULL ENABLE);
  ALTER TABLE "LMS"."TBLBOOK" MODIFY ("CATEGORY_ID" NOT NULL ENABLE);
  ALTER TABLE "LMS"."TBLBOOK" MODIFY ("CREATED_AT" NOT NULL ENABLE);
  ALTER TABLE "LMS"."TBLBOOK" ADD PRIMARY KEY ("BOOK_ID")
  USING INDEX PCTFREE 10 INITRANS 2 MAXTRANS 255 COMPUTE STATISTICS 
  STORAGE(INITIAL 65536 NEXT 1048576 MINEXTENTS 1 MAXEXTENTS 2147483645
  PCTINCREASE 0 FREELISTS 1 FREELIST GROUPS 1
  BUFFER_POOL DEFAULT FLASH_CACHE DEFAULT CELL_FLASH_CACHE DEFAULT)
  TABLESPACE "USERS"  ENABLE;
  ALTER TABLE "LMS"."TBLBOOK" ADD UNIQUE ("BOOK_TRACKING_NUMBER")
  USING INDEX PCTFREE 10 INITRANS 2 MAXTRANS 255 COMPUTE STATISTICS 
  STORAGE(INITIAL 65536 NEXT 1048576 MINEXTENTS 1 MAXEXTENTS 2147483645
  PCTINCREASE 0 FREELISTS 1 FREELIST GROUPS 1
  BUFFER_POOL DEFAULT FLASH_CACHE DEFAULT CELL_FLASH_CACHE DEFAULT)
  TABLESPACE "USERS"  ENABLE;
--------------------------------------------------------
--  Constraints for Table FINE_PAYMENTS
--------------------------------------------------------

  ALTER TABLE "LMS"."FINE_PAYMENTS" MODIFY ("PAYMENT_ID" NOT NULL ENABLE);
  ALTER TABLE "LMS"."FINE_PAYMENTS" MODIFY ("PAYMENT_TRACKING_NUM" NOT NULL ENABLE);
  ALTER TABLE "LMS"."FINE_PAYMENTS" MODIFY ("LOAN_TRACKING_NUM" NOT NULL ENABLE);
  ALTER TABLE "LMS"."FINE_PAYMENTS" MODIFY ("PAYMENT_DATE" NOT NULL ENABLE);
  ALTER TABLE "LMS"."FINE_PAYMENTS" MODIFY ("PAYMENT_AMOUNT" NOT NULL ENABLE);
  ALTER TABLE "LMS"."FINE_PAYMENTS" ADD PRIMARY KEY ("PAYMENT_ID")
  USING INDEX PCTFREE 10 INITRANS 2 MAXTRANS 255 COMPUTE STATISTICS 
  TABLESPACE "USERS"  ENABLE;
  ALTER TABLE "LMS"."FINE_PAYMENTS" ADD UNIQUE ("PAYMENT_TRACKING_NUM")
  USING INDEX PCTFREE 10 INITRANS 2 MAXTRANS 255 COMPUTE STATISTICS 
  TABLESPACE "USERS"  ENABLE;
--------------------------------------------------------
--  Constraints for Table TBLBOOKCATEGORY
--------------------------------------------------------

  ALTER TABLE "LMS"."TBLBOOKCATEGORY" MODIFY ("CATEGORY_ID" NOT NULL ENABLE);
  ALTER TABLE "LMS"."TBLBOOKCATEGORY" MODIFY ("CATEGORY_NAME" NOT NULL ENABLE);
  ALTER TABLE "LMS"."TBLBOOKCATEGORY" ADD PRIMARY KEY ("CATEGORY_ID")
  USING INDEX PCTFREE 10 INITRANS 2 MAXTRANS 255 COMPUTE STATISTICS 
  STORAGE(INITIAL 65536 NEXT 1048576 MINEXTENTS 1 MAXEXTENTS 2147483645
  PCTINCREASE 0 FREELISTS 1 FREELIST GROUPS 1
  BUFFER_POOL DEFAULT FLASH_CACHE DEFAULT CELL_FLASH_CACHE DEFAULT)
  TABLESPACE "USERS"  ENABLE;
--------------------------------------------------------
--  Constraints for Table TBLFACULTY
--------------------------------------------------------

  ALTER TABLE "LMS"."TBLFACULTY" MODIFY ("FACULTY_ID" NOT NULL ENABLE);
  ALTER TABLE "LMS"."TBLFACULTY" ADD CONSTRAINT "PK_TBLFACULTY" PRIMARY KEY ("FACULTY_ID")
  USING INDEX PCTFREE 10 INITRANS 2 MAXTRANS 255 COMPUTE STATISTICS 
  STORAGE(INITIAL 65536 NEXT 1048576 MINEXTENTS 1 MAXEXTENTS 2147483645
  PCTINCREASE 0 FREELISTS 1 FREELIST GROUPS 1
  BUFFER_POOL DEFAULT FLASH_CACHE DEFAULT CELL_FLASH_CACHE DEFAULT)
  TABLESPACE "USERS"  ENABLE;
--------------------------------------------------------
--  Constraints for Table TBLBOOKLOANS
--------------------------------------------------------

  ALTER TABLE "LMS"."TBLBOOKLOANS" MODIFY ("LOAN_ID" NOT NULL ENABLE);
  ALTER TABLE "LMS"."TBLBOOKLOANS" MODIFY ("LOAN_TRACKING_NUM" NOT NULL ENABLE);
  ALTER TABLE "LMS"."TBLBOOKLOANS" MODIFY ("MEMBER_TRACKING_NUM" NOT NULL ENABLE);
  ALTER TABLE "LMS"."TBLBOOKLOANS" MODIFY ("BOOK_TRACKING_NUMBER" NOT NULL ENABLE);
  ALTER TABLE "LMS"."TBLBOOKLOANS" MODIFY ("LOAN_DATE" NOT NULL ENABLE);
  ALTER TABLE "LMS"."TBLBOOKLOANS" ADD PRIMARY KEY ("LOAN_ID")
  USING INDEX PCTFREE 10 INITRANS 2 MAXTRANS 255 COMPUTE STATISTICS 
  STORAGE(INITIAL 65536 NEXT 1048576 MINEXTENTS 1 MAXEXTENTS 2147483645
  PCTINCREASE 0 FREELISTS 1 FREELIST GROUPS 1
  BUFFER_POOL DEFAULT FLASH_CACHE DEFAULT CELL_FLASH_CACHE DEFAULT)
  TABLESPACE "USERS"  ENABLE;
  ALTER TABLE "LMS"."TBLBOOKLOANS" ADD UNIQUE ("LOAN_TRACKING_NUM")
  USING INDEX PCTFREE 10 INITRANS 2 MAXTRANS 255 COMPUTE STATISTICS 
  STORAGE(INITIAL 65536 NEXT 1048576 MINEXTENTS 1 MAXEXTENTS 2147483645
  PCTINCREASE 0 FREELISTS 1 FREELIST GROUPS 1
  BUFFER_POOL DEFAULT FLASH_CACHE DEFAULT CELL_FLASH_CACHE DEFAULT)
  TABLESPACE "USERS"  ENABLE;
--------------------------------------------------------
--  Constraints for Table TBLMEMBER
--------------------------------------------------------

  ALTER TABLE "LMS"."TBLMEMBER" MODIFY ("MEMBER_ID" NOT NULL ENABLE);
  ALTER TABLE "LMS"."TBLMEMBER" MODIFY ("MEMBER_TRACKING_NUM" NOT NULL ENABLE);
  ALTER TABLE "LMS"."TBLMEMBER" MODIFY ("MEMBER_NAME" NOT NULL ENABLE);
  ALTER TABLE "LMS"."TBLMEMBER" MODIFY ("MEMBER_EMAIL" NOT NULL ENABLE);
  ALTER TABLE "LMS"."TBLMEMBER" MODIFY ("MEMBER_PHONE" NOT NULL ENABLE);
  ALTER TABLE "LMS"."TBLMEMBER" MODIFY ("CREATED_AT" NOT NULL ENABLE);
  ALTER TABLE "LMS"."TBLMEMBER" ADD CONSTRAINT "UNIQUE_MEMBER_TRACKING_NUM" UNIQUE ("MEMBER_TRACKING_NUM")
  USING INDEX PCTFREE 10 INITRANS 2 MAXTRANS 255 COMPUTE STATISTICS 
  STORAGE(INITIAL 65536 NEXT 1048576 MINEXTENTS 1 MAXEXTENTS 2147483645
  PCTINCREASE 0 FREELISTS 1 FREELIST GROUPS 1
  BUFFER_POOL DEFAULT FLASH_CACHE DEFAULT CELL_FLASH_CACHE DEFAULT)
  TABLESPACE "USERS"  ENABLE;
--------------------------------------------------------
--  Ref Constraints for Table FINE_PAYMENTS
--------------------------------------------------------

  ALTER TABLE "LMS"."FINE_PAYMENTS" ADD CONSTRAINT "FK_LOANS" FOREIGN KEY ("LOAN_TRACKING_NUM")
	  REFERENCES "LMS"."TBLBOOKLOANS" ("LOAN_TRACKING_NUM") ENABLE;
--------------------------------------------------------
--  Ref Constraints for Table TBLBOOK
--------------------------------------------------------

  ALTER TABLE "LMS"."TBLBOOK" ADD CONSTRAINT "FK_CATEGORIES" FOREIGN KEY ("CATEGORY_ID")
	  REFERENCES "LMS"."TBLBOOKCATEGORY" ("CATEGORY_ID") ENABLE;
--------------------------------------------------------
--  Ref Constraints for Table TBLBOOKLOANS
--------------------------------------------------------

  ALTER TABLE "LMS"."TBLBOOKLOANS" ADD CONSTRAINT "FK_MEMBERS" FOREIGN KEY ("MEMBER_TRACKING_NUM")
	  REFERENCES "LMS"."TBLMEMBER" ("MEMBER_TRACKING_NUM") ENABLE;
  ALTER TABLE "LMS"."TBLBOOKLOANS" ADD CONSTRAINT "FK_BOOKS" FOREIGN KEY ("BOOK_TRACKING_NUMBER")
	  REFERENCES "LMS"."TBLBOOK" ("BOOK_TRACKING_NUMBER") ENABLE;
--------------------------------------------------------
--  Ref Constraints for Table TBLMEMBER
--------------------------------------------------------

  ALTER TABLE "LMS"."TBLMEMBER" ADD FOREIGN KEY ("FACULTY_ID")
	  REFERENCES "LMS"."TBLFACULTY" ("FACULTY_ID") ENABLE;
